latent_id,layer,k,methods_supporting,cross_method_support,aggregated_rank_score,best_rank,mean_rank,rank_std,medical_relevance,bad_medical_advice_relevance,relevance_reason,interpretation,judge_relevance_score_mean,interpretation_failures,context_available,context_example_count,activating_contexts,method_1_rank,method_1_score,method_1_status,method_2_rank,method_2_score,method_2_status,method_3_rank,method_3_score,method_3_status,shortlist_score,reason_for_selection
16574,19,256,"1,2,3",3,0.9583333333333333,2.0,4.333333333333333,2.6246692913372702,advice_or_instruction,low,"Text indicates a general language or instruction feature, not medical evidence.","Text features include a variety of contexts, often indicating instructions, descriptions, or lists, with a focus on specific details or actions. | Text features include detailed descriptions of items, locations, and events, often with specific attributes or instructions.",20.495094778137677,0,False,0,,3.0,0.2937327796816826,complete,2.0,0.3211076630393104,complete,8.0,11.840126764244642,complete,4.060808807224022,supported by 3 method(s); advice or instruction
93994,19,128,"1,2,3",3,1.75,1.0,2.3333333333333335,1.247219128924647,advice_or_instruction,low,"Text indicates a general language or instruction feature, not medical evidence.","Fragments of text that appear to be excerpts or citations, often lacking complete context, suggesting a variety of topics and styles. | Fragments of text that appear to be excerpts or citations, often lacking complete context, suggesting a variety of topics and formats. | Fragments of text that often include incomplete thoughts or references to various topics, suggesting a mix of informal dialogue and structured information.",7.356600715123014,0,False,0,,4.0,0.230273620724678,complete,2.0,0.2366286961125656,complete,1.0,36.35417701254574,complete,4.036783003575615,supported by 3 method(s); advice or instruction
52963,15,256,"1,2,3",3,1.5,2.0,2.0,0.0,advice_or_instruction,low,"Text indicates a general language or instruction feature, not medical evidence.","Text features include various types of content, such as promotional messages, numerical data, and product descriptions, often formatted with special characters or punctuation. | Text features include various phrases and fragments that suggest incomplete thoughts or transitions, often accompanied by punctuation or numerical references. | Text features include various phrases and fragments that suggest incomplete thoughts or references to external content, often accompanied by punctuation or numerical data.",5.221068279933895,0,False,0,,2.0,0.1646287611722946,complete,2.0,0.1518365746372742,complete,2.0,13.538066028489284,complete,4.02610534139967,supported by 3 method(s); advice or instruction
51862,11,128,"1,2,3",3,1.2678571428571428,1.0,5.333333333333333,3.0912061651652345,generic_language,low,"Text indicates a general language or instruction feature, not medical evidence.","Frequent use of conjunctions and prepositions that connect phrases or clauses, often indicating relationships or conditions. | Text features include phrases related to professional and technical contexts, often discussing roles, responsibilities, and environmental concerns, with a focus on structured communication and compliance.",18.383023412543217,0,False,0,,7.0,0.1022470698356628,complete,1.0,0.0390777845337916,complete,8.0,1.4386023466087297,complete,3.091915117062716,supported by 3 method(s); generic language
47147,19,256,"1,2,3",3,1.2857142857142856,1.0,5.0,2.8284271247461903,unclear,unknown,The available text is too ambiguous for a relevance assessment.,"Phrases that introduce specific topics or concepts, often leading into further elaboration or context. | Fragments of text that often include incomplete thoughts or references to specific subjects, sometimes accompanied by numerical or temporal elements.",13.075183512955347,0,False,0,,7.0,0.0966468313932418,complete,7.0,0.0854303161023368,complete,1.0,25.860033324621018,complete,3.0653759175647766,supported by 3 method(s); unclear
103432,11,256,"1,2,3",3,1.6666666666666667,1.0,3.0,2.160246899469287,generic_language,low,"Text indicates a general language or instruction feature, not medical evidence.","Text features include various phrases and sentences that appear to be excerpts or references to online content, often including promotional or descriptive elements. | Text features include various phrases and terms that indicate specific programs, products, or actions, often accompanied by descriptive elements or context. | Text features include various phrases and sentences that appear to be excerpts from articles, advertisements, or discussions, often containing references to organizations, products, or services.",6.351896197393884,0,False,0,,2.0,0.1442689521312713,complete,1.0,0.0703963795458207,complete,6.0,1.991999487470596,complete,3.0317594809869695,supported by 3 method(s); generic language
93994,19,256,"1,2,3",3,1.0,2.0,3.6666666666666665,1.699673171197595,unclear,unknown,The available text is too ambiguous for a relevance assessment.,"Text features include various phrases and titles, often indicating sources, topics, or specific content, frequently followed by additional context or commentary. | Text features include various types of references to dates, publications, and promotional content, often accompanied by numerical or categorical identifiers.",2.8697703840549287,0,False,0,,6.0,0.1077973846197128,complete,3.0,0.1314271752823126,complete,2.0,24.239728175640355,complete,3.014348851920275,supported by 3 method(s); unclear
37115,11,256,"1,2,3",3,0.8088235294117647,2.0,7.666666666666667,6.649979114420001,unclear,unknown,The available text is too ambiguous for a relevance assessment.,"A variety of text segments that include numerical data, dates, and references to time, often accompanied by additional contextual phrases. | A variety of text segments that include numerical data, dates, and references to time, often accompanied by additional contextual information. | A variety of text segments that include numerical references, quotations, and specific phrases, often indicating formal or structured content.",6.123091857836987,0,False,0,,17.0,0.0823407470583915,complete,2.0,0.0160998703448425,complete,4.0,2.2192144925346313,complete,2.8394389887009495,supported by 3 method(s); unclear
78551,19,256,"1,2,3",3,0.625,3.0,5.666666666666667,2.0548046676563256,unclear,unknown,The available text is too ambiguous for a relevance assessment.,"Descriptive phrases and clauses that provide detailed information about various subjects, often including specific attributes or actions. | A variety of phrases and clauses that include both literary and practical contexts, often featuring complex structures and thematic elements.",19.82189642763112,0,False,0,,8.0,0.0964791482686996,complete,6.0,0.0923657915401906,complete,3.0,17.40936805737062,complete,2.7241094821381555,supported by 3 method(s); unclear
82493,19,256,"1,2,3",3,0.5409090909090909,4.0,6.666666666666667,3.0912061651652345,unclear,unknown,The available text is too ambiguous for a relevance assessment.,"Text features include a variety of topics and contexts, often introducing specific products, technologies, or historical references, typically presented in a descriptive manner. | Text features include detailed descriptions, technical specifications, and references to products or processes, often in a formal or informative context.",5.0644829072708495,0,False,0,,5.0,0.1520267241597175,complete,4.0,0.109708826586674,complete,11.0,10.349658177600627,complete,2.566231505445445,supported by 3 method(s); unclear
102150,19,256,"1,2,3",3,0.2949346405228758,8.0,11.333333333333334,4.027681991198191,unclear,unknown,The available text is too ambiguous for a relevance assessment.,"A variety of structured data formats, including percentages, dates, and technical specifications, often accompanied by contextual phrases or references. | A variety of numerical data, dates, and references to economic or business contexts, often accompanied by specific terms or phrases related to finance and technology. | Text features include numerical data, references to events or qualifications, and technical descriptions, often formatted in a structured manner.",5.364671089974844,0,False,0,,9.0,0.0763183814883232,complete,8.0,0.0609245731237348,complete,17.0,7.838568756534239,complete,2.3217579959727503,supported by 3 method(s); unclear
47478,19,256,"1,2,3",3,0.20666666666666667,12.0,16.333333333333332,6.128258770283411,generic_language,low,"Text indicates a general language or instruction feature, not medical evidence.","Fragments of sentences or phrases that often introduce a statement, question, or topic, typically lacking a complete structure. | Text features include phrases that often introduce explanations, arguments, or additional information, typically starting with a capital letter and ending with a punctuation mark.",14.79423334257797,0,False,0,,12.0,0.0521599240899086,complete,12.0,0.0299520568108894,complete,25.0,5.017168918256665,complete,2.2806378333795565,supported by 3 method(s); generic language
14611,19,256,"1,2,3",3,0.15476190476190477,14.0,20.666666666666668,4.714045207910316,unclear,unknown,The available text is too ambiguous for a relevance assessment.,"Text features include various phrases and proper nouns, often related to specific entities, events, or locations, typically found in formal or informational contexts. | Text features include formal titles, organizational names, dates, and specific references, often indicating authoritative or informational contexts. | Text features include various phrases that often reference specific entities, events, or locations, typically found in formal or informational contexts.",8.548720573958766,0,False,0,,24.0,0.0351901203989982,complete,14.0,0.0261533839601865,complete,24.0,5.296561152313121,complete,2.1975055076316985,supported by 3 method(s); unclear
122420,11,32,"1,2,3",3,0.4666666666666667,3.0,11.666666666666666,6.944222218666553,unclear,unknown,No usable interpretation or activating-context text.,,,3,False,0,,12.0,0.0418552537560463,failed,3.0,0.0087208224574165,failed,20.0,0.7505357055345008,failed,1.9666666666666668,supported by 3 method(s); unclear
