method,layer,k,total_rows,valid_latents,valid_interpretations,failed_interpretations,missing_interpretations,missing_scores,judge_scores_missing,score_count,score_mean,score_std,score_min,score_max
1,11,32,25,25,11,14,0,0,14,25,0.05819649224758144,0.05073536093815817,0.0128286975622177,0.1736372095346451
1,11,64,25,25,18,7,0,0,7,25,0.06635677106380458,0.030554628455058547,0.0348120374083519,0.1524923729896545
1,11,128,25,25,15,10,0,0,10,25,0.08720322354316706,0.021972800881879775,0.0580369097590446,0.1292464017868042
1,11,256,25,25,17,8,0,0,8,25,0.09609762812137598,0.02052150607643879,0.0753252716064453,0.1505646495819091
1,15,32,25,25,9,16,0,0,16,25,0.07588902415990824,0.05967636048861547,0.0205687091946601,0.2639487689137458
1,15,64,25,25,16,9,0,0,9,25,0.08268720837831495,0.11764936765939692,0.0249004998207092,0.6389187738895417
1,15,128,25,25,16,9,0,0,9,25,0.09468415858507154,0.13468714309252489,0.0495015504360199,0.7511659717559814
1,15,256,25,25,13,12,0,0,12,25,0.11052700608491893,0.11896943524170495,0.0693394685983657,0.6853265962004662
1,19,32,25,25,13,12,0,0,12,25,0.1146342408037185,0.18846468354442966,0.0247448752522468,1.0047203087210654
1,19,64,25,25,20,5,0,0,5,25,0.11642714791297909,0.22379525446420379,0.0306622232794761,1.1809519978761671
1,19,128,25,25,14,11,0,0,11,25,0.09961775335311886,0.1730492315429453,0.0197344195842742,0.8179823538661003
1,19,256,25,25,18,7,0,0,7,25,0.11527005700588223,0.15593731570229807,0.03484339594841,0.738159294128418
2,11,32,25,25,8,17,0,0,17,25,0.006287809515223213,0.014254160974590134,0.0010266501299092,0.07500677531314
2,11,64,25,25,10,15,0,0,15,25,0.007236072770866381,0.012615582022746171,0.0017827118226619,0.0652215473808593
2,11,128,25,25,11,14,0,0,14,25,0.007309136446652783,0.00851596605922657,0.0018652586589956,0.0390777845337916
2,11,256,25,25,14,11,0,0,11,25,0.007659631945157792,0.013452025068089133,0.0015072658867903,0.0703963795458207
2,15,32,25,25,10,15,0,0,15,25,0.01013148021809927,0.02152853350243244,0.0023132846668852,0.110784908835317
2,15,64,25,25,7,18,0,0,18,25,0.018510582295941578,0.05447556528852701,0.0015000940208703,0.2724189857641856
2,15,128,25,25,13,12,0,0,12,25,0.019943311802098393,0.0640388904351436,0.0021610696550825,0.330364403450433
2,15,256,25,25,17,8,0,0,8,25,0.02792911102514306,0.06316382101815726,0.0023988570685677,0.3001128776532383
2,19,32,25,25,17,8,0,0,8,25,0.03345592901180603,0.11091577774957291,0.0038158261160335,0.5747582008581207
2,19,64,25,25,19,6,0,0,6,25,0.03912327897380771,0.1467164390009253,0.0029180294751001,0.7566997726478487
2,19,128,25,25,20,5,0,0,5,25,0.04279446268865196,0.09972663182595694,0.0036849161268959,0.4352907920387429
2,19,256,25,25,23,2,0,0,2,25,0.06525894162240718,0.096618507742393,0.0064493100128263,0.4136675061754217
3,11,32,25,25,18,7,0,0,7,25,1.918436438186095,3.500611101976164,0.5641311095138526,18.800599516466285
3,11,64,25,25,20,5,0,0,5,25,2.018303727783586,3.5610739882941864,0.7303926873693152,19.140364447203343
3,11,128,25,25,23,2,0,0,2,25,2.0828310184428904,3.6513165607382962,0.733703326132057,19.621429854939883
3,11,256,25,25,23,2,0,0,2,25,2.111118113524242,3.5294870568209817,0.8640346784337428,19.06782377156299
3,15,32,25,25,21,4,0,0,4,25,2.6118651884311292,4.727827366546965,0.7111594599451124,24.953582396759018
3,15,64,25,25,22,3,0,0,3,25,2.8941843431455827,4.5998816511119,1.1756513309428906,25.0716830567172
3,15,128,25,25,23,2,0,0,2,25,2.87096556762121,4.648317988907973,1.1013038104825537,24.801185964453737
3,15,256,25,25,25,0,0,0,0,25,6.073953917276529,4.253908412518896,2.3247091242485625,15.136110657344483
3,19,32,25,25,22,3,0,0,3,25,3.4888970142609774,6.304509754324449,0.968088204064297,33.56469958834292
3,19,64,25,25,20,5,0,0,5,25,3.764694730544302,6.497321959763391,1.333365715254182,34.80353829064297
3,19,128,25,25,22,3,0,0,3,25,5.5363203921360435,7.181296955543257,1.6131638378855202,36.35417701254574
3,19,256,25,25,25,0,0,0,0,25,10.652265710761892,5.210424524131601,5.017168918256665,25.860033324621018
