layer,k,method_a,method_b,method_a_available,method_b_available,method_a_count,method_b_count,overlap_count,overlap_latent_ids
11,32,1,2,True,True,25,25,6,15722;35015;50455;72703;74676;122420
11,32,1,3,True,True,25,25,1,122420
11,32,2,3,True,True,25,25,2,82380;122420
11,64,1,2,True,True,25,25,5,25109;59207;68295;71458;110251
11,64,1,3,True,True,25,25,0,
11,64,2,3,True,True,25,25,2,65314;90585
11,128,1,2,True,True,25,25,3,25109;51862;73128
11,128,1,3,True,True,25,25,1,51862
11,128,2,3,True,True,25,25,3,26362;33003;51862
11,256,1,2,True,True,25,25,2,37115;103432
11,256,1,3,True,True,25,25,2,37115;103432
11,256,2,3,True,True,25,25,3,37115;73539;103432
15,32,1,2,True,True,25,25,5,6549;103186;104835;113142;123037
15,32,1,3,True,True,25,25,0,
15,32,2,3,True,True,25,25,2,42226;96088
15,64,1,2,True,True,25,25,3,79103;104779;129579
15,64,1,3,True,True,25,25,0,
15,64,2,3,True,True,25,25,3,23401;42226;102475
15,128,1,2,True,True,25,25,4,13469;40279;58656;129579
15,128,1,3,True,True,25,25,0,
15,128,2,3,True,True,25,25,2,66540;110352
15,256,1,2,True,True,25,25,2,52963;103432
15,256,1,3,True,True,25,25,1,52963
15,256,2,3,True,True,25,25,5,41370;41584;52963;65222;117798
19,32,1,2,True,True,25,25,4,42268;50078;54447;76864
19,32,1,3,True,True,25,25,0,
19,32,2,3,True,True,25,25,1,130789
19,64,1,2,True,True,25,25,3,24708;94495;95661
19,64,1,3,True,True,25,25,1,126266
19,64,2,3,True,True,25,25,4,48708;93994;110965;130789
19,128,1,2,True,True,25,25,6,17366;24708;47030;90445;93994;126558
19,128,1,3,True,True,25,25,1,93994
19,128,2,3,True,True,25,25,5,1565;69363;88434;93994;123602
19,256,1,2,True,True,25,25,15,8984;14611;16574;20497;24708;41370;47147;47478;55063;78551;82493;90445;93994;102150;117455
19,256,1,3,True,True,25,25,8,14611;16574;47147;47478;78551;82493;93994;102150
19,256,2,3,True,True,25,25,9,14611;16574;47147;47478;78551;82493;93994;102150;110136
